{
  "DIM": [
    800,
    600
  ],
  "K": [
    [
      350.21036986806513,
      0.0,
      402.7312361674541
    ],
    [
      0.0,
      350.0821111636887,
      301.55361663416664
    ],
    [
      0.0,
      0.0,
      1.0
    ]
  ],
  "D": [
    [
      0.06149023975814559
    ],
    [
      0.007999708949504018
    ],
    [
      -0.0014543139410754908
    ],
    [
      -0.0007080739380367718
    ]
  ]
}